Metric,Phase 2,Phase 4,Improvement
Faithfulness,0.9166666666666666,1.0,0.08333333333333337
Answer Relevancy,0.7907639009412731,0.803989889524934,0.013225988583660864
Context Precision,0.9999999999713334,0.9258333333131874,-0.07416666665814597
Context Recall,1.0,1.0,0.0
